{"training_duration": 5.845640420913696, "inference_latency": 0.0005048048722723399, "RMSE_loss": [0.40632346272468567, 0.5102801322937012, 0.412974089384079], "R_squared": [0.5921140313148499, 0.5623911619186401, 0.7528533339500427]}