{"training_duration": 3.7118046283721924, "inference_latency": 0.00042738107407854837, "RMSE_loss": [0.39847511053085327, 0.4752764403820038, 0.5238034129142761], "R_squared": [0.6458913683891296, 0.535335898399353, 0.577049732208252]}