{"training_duration": 2.701669454574585, "inference_latency": 0.0003110730517644888, "RMSE_loss": [0.43047720193862915, 0.38872313499450684, 0.3610227108001709], "R_squared": [0.6659996509552002, 0.40249812602996826, 0.5695497989654541]}