{"training_duration": 4.0649473667144775, "inference_latency": 0.0003510317242413193, "RMSE_loss": [0.4792828857898712, 0.5387099385261536, 0.4470241069793701], "R_squared": [0.5188740491867065, 0.5380101799964905, 0.7324758768081665]}