{"training_duration": 4.343795537948608, "inference_latency": 0.0003751118771976346, "RMSE_loss": [0.4359590411186218, 0.40404465794563293, 0.42985743284225464], "R_squared": [0.6679632663726807, 0.3974704146385193, 0.35959339141845703]}