{"training_duration": 3.1766836643218994, "inference_latency": 0.00036576668558686235, "RMSE_loss": [0.6542201042175293, 0.7488037347793579, 0.8443269729614258], "R_squared": [0.4186211824417114, 0.26791614294052124, 0.31823980808258057]}