{"training_duration": 4.971351385116577, "inference_latency": 0.0004293049555368374, "RMSE_loss": [0.5519811511039734, 0.4889158308506012, 0.5015265941619873], "R_squared": [0.579598069190979, 0.2709066867828369, 0.25281983613967896]}