{"training_duration": 3.1476662158966064, "inference_latency": 0.0003624255861711694, "RMSE_loss": [0.4082682728767395, 0.4889538586139679, 0.5025086402893066], "R_squared": [0.6371885538101196, 0.5219638347625732, 0.5942444205284119]}