{"training_duration": 2.779517889022827, "inference_latency": 0.0003200366020751672, "RMSE_loss": [0.500343382358551, 0.568568229675293, 0.5607455372810364], "R_squared": [0.5553652048110962, 0.4441272020339966, 0.5472204685211182]}