{"training_duration": 2.4915621280670166, "inference_latency": 0.0002868810740434101, "RMSE_loss": [0.6873173117637634, 0.5570781826972961, 0.5355071425437927], "R_squared": [0.4667215943336487, 0.1437215805053711, 0.361510694026947]}