{"training_duration": 4.909359931945801, "inference_latency": 0.00042395163488305704, "RMSE_loss": [0.8185034990310669, 0.907254159450531, 1.1440962553024292], "R_squared": [0.17834895849227905, 0.22195202112197876, 0.31530916690826416]}