{"training_duration": 4.9110400676727295, "inference_latency": 0.0004240967243240699, "RMSE_loss": [0.549176037311554, 0.479473352432251, 0.46475017070770264], "R_squared": [0.5817345380783081, 0.28498774766921997, 0.30760979652404785]}