{"training_duration": 4.662821531295776, "inference_latency": 0.0004026616175557665, "RMSE_loss": [0.4537537693977356, 0.3911418616771698, 0.43423259258270264], "R_squared": [0.6544103622436523, 0.41671162843704224, 0.35307520627975464]}