{"training_duration": 4.140268564224243, "inference_latency": 0.00035753614544250807, "RMSE_loss": [0.4291934370994568, 0.4885803461074829, 0.49950090050697327], "R_squared": [0.5547562837600708, 0.6982870101928711, 0.6394922733306885]}