{"training_duration": 3.7297325134277344, "inference_latency": 0.00032208398216128966, "RMSE_loss": [0.424635112285614, 0.5106983780860901, 0.4940328299999237], "R_squared": [0.5737319588661194, 0.5620324611663818, 0.704343318939209]}