{"training_duration": 3.143178701400757, "inference_latency": 0.0003619088890501735, "RMSE_loss": [0.43214720487594604, 0.385947585105896, 0.36694321036338806], "R_squared": [0.6647039651870728, 0.4067644476890564, 0.5624907612800598]}