{"training_duration": 3.741909980773926, "inference_latency": 0.00032313557692348235, "RMSE_loss": [0.4526333510875702, 0.4783824682235718, 0.45423808693885803], "R_squared": [0.6085708141326904, 0.650667667388916, 0.38487762212753296]}