{"training_duration": 5.048943519592285, "inference_latency": 0.00043600548528430785, "RMSE_loss": [0.41887667775154114, 0.46880248188972473, 0.471478134393692], "R_squared": [0.5654588937759399, 0.7105004787445068, 0.659717321395874]}