{"training_duration": 3.907421827316284, "inference_latency": 0.0003374284824970884, "RMSE_loss": [0.4252755343914032, 0.4004964530467987, 0.41518160700798035], "R_squared": [0.6761001348495483, 0.40276169776916504, 0.3814576268196106]}