{"training_duration": 4.616523742675781, "inference_latency": 0.0003986635356369414, "RMSE_loss": [0.3975275456905365, 0.4840065538883209, 0.4156389534473419], "R_squared": [0.6009438037872314, 0.5849230289459229, 0.7512585520744324]}