{"training_duration": 2.8574390411376953, "inference_latency": 0.00032900852517417335, "RMSE_loss": [0.5414603352546692, 0.4605771601200104, 0.43377742171287537], "R_squared": [0.5798896551132202, 0.29205214977264404, 0.4828038215637207]}