{"training_duration": 5.652419567108154, "inference_latency": 0.0004881191336017404, "RMSE_loss": [0.5567330121994019, 0.71673983335495, 0.6969645023345947], "R_squared": [0.44112610816955566, 0.385334312915802, 0.5828976631164551]}