{"training_duration": 3.2356789112091064, "inference_latency": 0.00027941959509577777, "RMSE_loss": [0.5666818618774414, 0.5691020488739014, 0.5704956650733948], "R_squared": [0.5099437236785889, 0.584420919418335, 0.2274433970451355]}