{"training_duration": 2.940605878829956, "inference_latency": 0.0002539383315051776, "RMSE_loss": [0.4390675127506256, 0.49223458766937256, 0.4399292469024658], "R_squared": [0.6203023195266724, 0.6405523419380188, 0.4042544364929199]}