{"training_duration": 4.233453035354614, "inference_latency": 0.00036558316367483714, "RMSE_loss": [0.4588029980659485, 0.5385299921035767, 0.573214590549469], "R_squared": [0.5240394473075867, 0.6674416065216064, 0.5862904787063599]}