{"training_duration": 4.759216070175171, "inference_latency": 0.00041098584371115465, "RMSE_loss": [0.43401941657066345, 0.5070767402648926, 0.4143005609512329], "R_squared": [0.5643115639686584, 0.5651383399963379, 0.7520595192909241]}