{"training_duration": 5.185694932937622, "inference_latency": 0.0004478147610481539, "RMSE_loss": [0.42047443985939026, 0.5007450580596924, 0.42489370703697205], "R_squared": [0.5779086351394653, 0.570568323135376, 0.7457199692726135]}