{"training_duration": 6.213760614395142, "inference_latency": 0.0005365941808631383, "RMSE_loss": [0.40721121430397034, 0.49499261379241943, 0.4083104729652405], "R_squared": [0.591222882270813, 0.5755015015602112, 0.7556443214416504]}