{"training_duration": 4.72033429145813, "inference_latency": 0.00040762817715527894, "RMSE_loss": [0.4411257803440094, 0.37593674659729004, 0.42635199427604675], "R_squared": [0.6640281677246094, 0.43938618898391724, 0.3648158311843872]}