{"training_duration": 4.1272900104522705, "inference_latency": 0.00035641537223249316, "RMSE_loss": [0.41762012243270874, 0.47516241669654846, 0.48297005891799927], "R_squared": [0.566762387752533, 0.7065730094909668, 0.6514231562614441]}