{"training_duration": 4.216405391693115, "inference_latency": 0.00036411100100976814, "RMSE_loss": [0.4156012237071991, 0.4936122000217438, 0.45277249813079834], "R_squared": [0.5828006267547607, 0.5766853094100952, 0.7290357351303101]}