{"training_duration": 4.504493474960327, "inference_latency": 0.00038898907383077094, "RMSE_loss": [0.4444207549095154, 0.5668884515762329, 0.6089572310447693], "R_squared": [0.5538702011108398, 0.5138447284698486, 0.6355661153793335]}