{"training_duration": 2.6287710666656494, "inference_latency": 0.00030267945499892334, "RMSE_loss": [0.5299908518791199, 0.463697612285614, 0.42684024572372437], "R_squared": [0.588788628578186, 0.28725576400756836, 0.4910750985145569]}