{"training_duration": 3.8364977836608887, "inference_latency": 0.0003313037809724429, "RMSE_loss": [0.4048140347003937, 0.44088396430015564, 0.428104430437088], "R_squared": [0.649924099445343, 0.6780503988265991, 0.4202674627304077]}