{"training_duration": 4.5736777782440186, "inference_latency": 0.00039496353870846447, "RMSE_loss": [0.40869784355163574, 0.3876784145832062, 0.40522512793540955], "R_squared": [0.6887260675430298, 0.4218764901161194, 0.3962908983230591]}