{"training_duration": 2.7235846519470215, "inference_latency": 0.0003135963905523341, "RMSE_loss": [0.6948753595352173, 0.7434765100479126, 0.7452706098556519], "R_squared": [0.3824925422668457, 0.2731243968009949, 0.398223876953125]}