{"training_duration": 3.3706586360931396, "inference_latency": 0.0002910758753102884, "RMSE_loss": [0.4074961543083191, 0.4285484254360199, 0.43460413813591003], "R_squared": [0.6476046442985535, 0.6870583295822144, 0.4114656448364258]}