{"training_duration": 5.071147918701172, "inference_latency": 0.00043792296361840863, "RMSE_loss": [0.40028059482574463, 0.38111037015914917, 0.39492589235305786], "R_squared": [0.6951368451118469, 0.4316710829734802, 0.41163480281829834]}