{"training_duration": 5.340648651123047, "inference_latency": 0.0004611959111505222, "RMSE_loss": [0.44423145055770874, 0.3993360996246338, 0.423919677734375], "R_squared": [0.6616628170013428, 0.40449202060699463, 0.3684394955635071]}