{"training_duration": 4.1560304164886475, "inference_latency": 0.00035889727258105766, "RMSE_loss": [0.41552895307540894, 0.4460088014602661, 0.4755386412143707], "R_squared": [0.5689317584037781, 0.7245762348175049, 0.6567866802215576]}