{"training_duration": 3.652292013168335, "inference_latency": 0.0003153965469057284, "RMSE_loss": [0.5695328116416931, 0.5839462876319885, 0.5047840476036072], "R_squared": [0.5074782371520996, 0.5735810995101929, 0.316429078578949]}