{"training_duration": 3.9295177459716797, "inference_latency": 0.0003393365929163799, "RMSE_loss": [0.4367707669734955, 0.3979565501213074, 0.4236881136894226], "R_squared": [0.6673450469970703, 0.40654927492141724, 0.36878448724746704]}