{"training_duration": 3.302034616470337, "inference_latency": 0.00028514979416842287, "RMSE_loss": [0.6835346817970276, 0.6962488889694214, 0.5812426209449768], "R_squared": [0.408891499042511, 0.49157363176345825, 0.21289002895355225]}