{"training_duration": 5.129086256027222, "inference_latency": 0.0004429262742683266, "RMSE_loss": [0.5984305143356323, 0.7329903841018677, 0.6933942437171936], "R_squared": [0.3791903853416443, 0.5473565459251404, 0.49955248832702637]}