{"training_duration": 2.747267723083496, "inference_latency": 0.0002372424631332898, "RMSE_loss": [0.5878450274467468, 0.596482515335083, 0.5197281241416931], "R_squared": [0.49164217710494995, 0.5644266605377197, 0.2961920499801636]}