{"training_duration": 2.9621706008911133, "inference_latency": 0.0002558005700251393, "RMSE_loss": [0.4229309856891632, 0.45271000266075134, 0.44135722517967224], "R_squared": [0.6342568397521973, 0.6694146394729614, 0.4023207426071167]}