{"training_duration": 5.376208543777466, "inference_latency": 0.00046426671362499706, "RMSE_loss": [0.4372093677520752, 0.4085213840007782, 0.4241226017475128], "R_squared": [0.667011022567749, 0.3907945156097412, 0.3681371808052063]}