{"training_duration": 3.007147789001465, "inference_latency": 0.0002596846104491766, "RMSE_loss": [0.42619091272354126, 0.457736611366272, 0.42979195713996887], "R_squared": [0.6314377784729004, 0.6657440066337585, 0.41798222064971924]}