{"training_duration": 5.549395322799683, "inference_latency": 0.0004792223940241522, "RMSE_loss": [0.44472265243530273, 0.5717387199401855, 0.5211343169212341], "R_squared": [0.5535671710968018, 0.5096851587295532, 0.6881242394447327]}