{"training_duration": 3.038210391998291, "inference_latency": 0.0003498227279215073, "RMSE_loss": [0.5498946905136108, 0.5052064657211304, 0.45006027817726135], "R_squared": [0.5733455419540405, 0.22345298528671265, 0.46338963508605957]}