{"training_duration": 2.5785160064697266, "inference_latency": 0.0002968930347115402, "RMSE_loss": [0.4553873538970947, 0.4077892005443573, 0.3675079345703125], "R_squared": [0.6466723084449768, 0.3731919527053833, 0.5618174076080322]}