{"training_duration": 2.2668614387512207, "inference_latency": 0.0002610088012379068, "RMSE_loss": [0.5519382953643799, 0.4281211197376251, 0.5055288076400757], "R_squared": [0.5717599987983704, 0.3419399857521057, 0.3972541093826294]}