{"training_duration": 3.937788724899292, "inference_latency": 0.00034005083980132055, "RMSE_loss": [0.4221646785736084, 0.3874790668487549, 0.4018242657184601], "R_squared": [0.6784694194793701, 0.42217379808425903, 0.4013575315475464]}