{"training_duration": 5.363645315170288, "inference_latency": 0.0004631818061459662, "RMSE_loss": [0.42154136300086975, 0.44455674290657043, 0.4754452407360077], "R_squared": [0.5626945495605469, 0.7254729270935059, 0.6568540930747986]}