{"training_duration": 2.487623929977417, "inference_latency": 0.0002864276257889945, "RMSE_loss": [0.38314899802207947, 0.47286462783813477, 0.4948152005672455], "R_squared": [0.6595110893249512, 0.5376938581466675, 0.6004565954208374]}