{"training_duration": 2.5708999633789062, "inference_latency": 0.0002960161155300986, "RMSE_loss": [0.4738355278968811, 0.5332075953483582, 0.5059974789619446], "R_squared": [0.5789216756820679, 0.4786982536315918, 0.5914273262023926]}