{"training_duration": 3.8546841144561768, "inference_latency": 0.0003328742758597735, "RMSE_loss": [0.4497271478176117, 0.3934730291366577, 0.4215770661830902], "R_squared": [0.6574771404266357, 0.41323530673980713, 0.3719295859336853]}