{"training_duration": 3.266388177871704, "inference_latency": 0.00028207151795092434, "RMSE_loss": [0.7116804122924805, 0.739679217338562, 0.5909270644187927], "R_squared": [0.3845515847206116, 0.4598592519760132, 0.19977551698684692]}