{"training_duration": 2.594846248626709, "inference_latency": 0.000298773315904054, "RMSE_loss": [0.39941495656967163, 0.4925844073295593, 0.5227773189544678], "R_squared": [0.6450561881065369, 0.5184143781661987, 0.5778782367706299]}