{"training_duration": 3.748713731765747, "inference_latency": 0.00032372312018702477, "RMSE_loss": [0.4219059646129608, 0.5349757075309753, 0.5129733681678772], "R_squared": [0.5764716267585754, 0.5412125587463379, 0.6930081844329834]}