{"training_duration": 3.078622341156006, "inference_latency": 0.00026585685156787613, "RMSE_loss": [0.44021856784820557, 0.480634868144989, 0.4585820138454437], "R_squared": [0.6193069219589233, 0.6490228772163391, 0.3789951801300049]}