{"training_duration": 4.13238263130188, "inference_latency": 0.00035685514950793435, "RMSE_loss": [0.4069805443286896, 0.5016292929649353, 0.4625885784626007], "R_squared": [0.5914543867111206, 0.5698100328445435, 0.7231612801551819]}