{"training_duration": 3.751664400100708, "inference_latency": 0.00032397792746983664, "RMSE_loss": [0.47577428817749023, 0.5313053727149963, 0.47299256920814514], "R_squared": [0.5885589122772217, 0.6120214462280273, 0.359480619430542]}