{"training_duration": 4.245848894119263, "inference_latency": 0.00036665361779959093, "RMSE_loss": [0.4182697832584381, 0.49456581473350525, 0.43570131063461304], "R_squared": [0.6382877826690674, 0.6388499736785889, 0.4099798798561096]}