{"training_duration": 4.71082067489624, "inference_latency": 0.0004068066213209188, "RMSE_loss": [0.41116392612457275, 0.5003477334976196, 0.4177895486354828], "R_squared": [0.5872550010681152, 0.5709090232849121, 0.7499715089797974]}