{"training_duration": 2.589442491531372, "inference_latency": 0.0002236133412375969, "RMSE_loss": [0.47694915533065796, 0.5504747629165649, 0.4841614365577698], "R_squared": [0.5875429511070251, 0.5980232357978821, 0.34435588121414185]}