{"training_duration": 2.7177093029022217, "inference_latency": 0.00031291989670722187, "RMSE_loss": [0.5024515986442566, 0.3753800690174103, 0.43632394075393677], "R_squared": [0.6101559400558472, 0.423007607460022, 0.4797676205635071]}