{"training_duration": 2.5364928245544434, "inference_latency": 0.0002920544415146164, "RMSE_loss": [0.6969503164291382, 0.584479570388794, 0.5388592481613159], "R_squared": [0.4592474699020386, 0.10160320997238159, 0.357513964176178]}