{"training_duration": 5.044439077377319, "inference_latency": 0.0004356165006370742, "RMSE_loss": [0.48890137672424316, 0.5546507835388184, 0.43763065338134766], "R_squared": [0.5092185735702515, 0.5243395566940308, 0.7380974888801575]}