{"training_duration": 4.034004211425781, "inference_latency": 0.0003483596037500675, "RMSE_loss": [0.41914603114128113, 0.4375787675380707, 0.6184386610984802], "R_squared": [0.5784050226211548, 0.6763161420822144, 0.592544436454773]}