{"training_duration": 4.594040632247925, "inference_latency": 0.00039672198896786913, "RMSE_loss": [0.5304602980613708, 0.6653823256492615, 0.6169465780258179], "R_squared": [0.4497024416923523, 0.589106559753418, 0.5547274947166443]}