{"training_duration": 5.849842309951782, "inference_latency": 0.0005051677297022264, "RMSE_loss": [0.4549030363559723, 0.5258097052574158, 0.5288699865341187], "R_squared": [0.5280852317810059, 0.6752967834472656, 0.6182955503463745]}