{"training_duration": 4.402534484863281, "inference_latency": 0.0003801843251177272, "RMSE_loss": [0.42425698041915894, 0.5318145751953125, 0.5102372169494629], "R_squared": [0.5741115808486938, 0.5439234972000122, 0.6946456432342529]}