{"training_duration": 2.6345019340515137, "inference_latency": 0.00030333931307444025, "RMSE_loss": [0.45910483598709106, 0.3733679950237274, 0.4061014950275421], "R_squared": [0.6437879800796509, 0.42610037326812744, 0.5158020257949829]}