{"training_duration": 2.8549304008483887, "inference_latency": 0.0003287196777027506, "RMSE_loss": [0.3997253477573395, 0.47423747181892395, 0.5063069462776184], "R_squared": [0.6447803378105164, 0.5363516807556152, 0.5911774635314941]}