{"training_duration": 5.787646293640137, "inference_latency": 0.000499796743837663, "RMSE_loss": [0.41990455985069275, 0.4747304320335388, 0.47423502802848816], "R_squared": [0.5643925666809082, 0.7068397998809814, 0.6577275395393372]}