{"training_duration": 4.867945909500122, "inference_latency": 0.0004203752944300624, "RMSE_loss": [0.4124363660812378, 0.5314411520957947, 0.43501442670822144], "R_squared": [0.5859776139259338, 0.5442438125610352, 0.7396631836891174]}