{"training_duration": 4.348433494567871, "inference_latency": 0.00037551239158617195, "RMSE_loss": [0.4451078474521637, 0.4016493856906891, 0.4107924699783325], "R_squared": [0.660995364189148, 0.4010423421859741, 0.3879966139793396]}