{"training_duration": 3.061981201171875, "inference_latency": 0.00035255972379641626, "RMSE_loss": [0.40982821583747864, 0.4889596402645111, 0.5130740404129028], "R_squared": [0.6358023285865784, 0.5219582319259644, 0.585713267326355]}