{"training_duration": 4.29233717918396, "inference_latency": 0.00037066815018859756, "RMSE_loss": [0.4683896601200104, 0.4046924114227295, 0.45390820503234863], "R_squared": [0.6432633399963379, 0.3965044617652893, 0.3237622380256653]}