{"training_duration": 2.9189724922180176, "inference_latency": 0.0003360935512052985, "RMSE_loss": [0.48707205057144165, 0.5507426857948303, 0.6470199823379517], "R_squared": [0.5671588778495789, 0.46155470609664917, 0.47755730152130127]}