{"training_duration": 4.479865074157715, "inference_latency": 0.0003868622689255367, "RMSE_loss": [0.39984095096588135, 0.39186951518058777, 0.4011765718460083], "R_squared": [0.6954716444015503, 0.41562652587890625, 0.4023224711418152]}