{"training_duration": 6.080714464187622, "inference_latency": 0.0005251048760092938, "RMSE_loss": [0.39526087045669556, 0.536875307559967, 0.4436813294887543], "R_squared": [0.6032191514968872, 0.5395835638046265, 0.7344764471054077]}