{"training_duration": 2.2469677925109863, "inference_latency": 0.00025871822596557124, "RMSE_loss": [0.5575891137123108, 0.39296627044677734, 0.5116201639175415], "R_squared": [0.5673756003379822, 0.39597606658935547, 0.3899913430213928]}