{"training_duration": 2.9642410278320312, "inference_latency": 0.0002559793633706417, "RMSE_loss": [0.4816005527973175, 0.48177963495254517, 0.4627745747566223], "R_squared": [0.5835205316543579, 0.6481869220733643, 0.3733176589012146]}