{"training_duration": 2.6303179264068604, "inference_latency": 0.0003028575620503006, "RMSE_loss": [0.4479255676269531, 0.3859099745750427, 0.3491920232772827], "R_squared": [0.6524617671966553, 0.40682220458984375, 0.5836556553840637]}