{"training_duration": 3.7462806701660156, "inference_latency": 0.0003235130112405886, "RMSE_loss": [0.4654063880443573, 0.49364861845970154, 0.49089592695236206], "R_squared": [0.597524881362915, 0.6395197510719299, 0.335236132144928]}