{"training_duration": 3.0831656455993652, "inference_latency": 0.0002662491921933821, "RMSE_loss": [0.4425804913043976, 0.47349977493286133, 0.43431124091148376], "R_squared": [0.6172643303871155, 0.6542332172393799, 0.41186225414276123]}