{"training_duration": 2.793832540512085, "inference_latency": 0.0003216848060462965, "RMSE_loss": [0.39801889657974243, 0.473579078912735, 0.4790855944156647], "R_squared": [0.6462967991828918, 0.5369953513145447, 0.6131576299667358]}