{"training_duration": 3.0401804447174072, "inference_latency": 0.00035004956185577513, "RMSE_loss": [0.502295970916748, 0.5684868097305298, 0.5468671321868896], "R_squared": [0.553629994392395, 0.44420677423477173, 0.5584267377853394]}