{"training_duration": 5.2192535400390625, "inference_latency": 0.00045071274093601575, "RMSE_loss": [0.42758607864379883, 0.460354208946228, 0.4729117155075073], "R_squared": [0.5564237833023071, 0.7157175540924072, 0.658682644367218]}