{"training_duration": 3.971464157104492, "inference_latency": 0.0003429589082128232, "RMSE_loss": [0.42574262619018555, 0.5272288918495178, 0.4757694900035858], "R_squared": [0.572620153427124, 0.5478561520576477, 0.7152730822563171]}