{"training_duration": 2.6157941818237305, "inference_latency": 0.00030118528288125855, "RMSE_loss": [0.4228719174861908, 0.507057785987854, 0.5488412380218506], "R_squared": [0.6242109537124634, 0.5042641758918762, 0.5568326711654663]}