{"training_duration": 2.618506669998169, "inference_latency": 0.00030149760161176384, "RMSE_loss": [0.4572656750679016, 0.4065931737422943, 0.36777591705322266], "R_squared": [0.6452149152755737, 0.3750303387641907, 0.5614979267120361]}