{"training_duration": 4.606243848800659, "inference_latency": 0.00039777580732302755, "RMSE_loss": [0.4148983955383301, 0.4591790437698364, 0.4672205150127411], "R_squared": [0.569585919380188, 0.7164431810379028, 0.6627901792526245]}