{"training_duration": 3.8686230182647705, "inference_latency": 0.00033407798085188003, "RMSE_loss": [0.48165449500083923, 0.6181145310401917, 0.5822544693946838], "R_squared": [0.5003333687782288, 0.6182957887649536, 0.579766035079956]}