{"training_duration": 3.800048589706421, "inference_latency": 0.00032815618218535585, "RMSE_loss": [0.4428001940250397, 0.5046233534812927, 0.5009083151817322], "R_squared": [0.5406407117843628, 0.6883800029754639, 0.6384764909744263]}