{"training_duration": 2.870988130569458, "inference_latency": 0.0003305685815278593, "RMSE_loss": [0.4715472161769867, 0.5228875279426575, 0.532009482383728], "R_squared": [0.5809551477432251, 0.4887878894805908, 0.5704237222671509]}