{"training_duration": 3.2020256519317627, "inference_latency": 0.00027651344144488454, "RMSE_loss": [0.42665091156959534, 0.4640938639640808, 0.44596338272094727], "R_squared": [0.6310399770736694, 0.6611016988754272, 0.39608311653137207]}