{"training_duration": 2.484304666519165, "inference_latency": 0.00028604544231654175, "RMSE_loss": [0.4407501518726349, 0.3917973041534424, 0.34796610474586487], "R_squared": [0.6580290794372559, 0.3977729082107544, 0.5851173400878906]}