{"training_duration": 4.304962158203125, "inference_latency": 0.0004956778535639753, "RMSE_loss": [0.44541701674461365, 0.4248363673686981, 0.375736266374588], "R_squared": [0.6544080972671509, 0.3469889163970947, 0.552006721496582]}