{"training_duration": 4.89794921875, "inference_latency": 0.0004229662537780656, "RMSE_loss": [0.448661744594574, 0.46921131014823914, 0.5096237063407898], "R_squared": [0.534559965133667, 0.7102479934692383, 0.6321862936019897]}