{"training_duration": 4.815512180328369, "inference_latency": 0.00041584733854303703, "RMSE_loss": [0.6010439991950989, 0.5427119135856628, 0.5586027503013611], "R_squared": [0.5422307252883911, 0.19068360328674316, 0.16778713464736938]}