{"training_duration": 6.207296848297119, "inference_latency": 0.0005360359972622728, "RMSE_loss": [0.46022388339042664, 0.4186733067035675, 0.4463074803352356], "R_squared": [0.6494826078414917, 0.37565553188323975, 0.335085928440094]}