{"training_duration": 4.976225852966309, "inference_latency": 0.00042972589403854133, "RMSE_loss": [0.4553948640823364, 0.5145749449729919, 0.5383485555648804], "R_squared": [0.5275750160217285, 0.6822345852851868, 0.6114544868469238]}