{"training_duration": 3.1109633445739746, "inference_latency": 0.00035819957911041735, "RMSE_loss": [0.4175294041633606, 0.5006417632102966, 0.4769984185695648], "R_squared": [0.6289585828781128, 0.5105369091033936, 0.6148428916931152]}