{"training_duration": 2.811605215072632, "inference_latency": 0.00032373117041711364, "RMSE_loss": [0.6318724751472473, 0.7250903844833374, 0.8096902370452881], "R_squared": [0.4384806156158447, 0.2910999655723572, 0.3462076187133789]}