{"training_duration": 3.05747389793396, "inference_latency": 0.0003520407481789246, "RMSE_loss": [0.513251781463623, 0.5914788842201233, 0.704858660697937], "R_squared": [0.5438940525054932, 0.42172807455062866, 0.4308549165725708]}