{"training_duration": 3.5748887062072754, "inference_latency": 0.0004116164313422309, "RMSE_loss": [0.41805461049079895, 0.4955902397632599, 0.5406432151794434], "R_squared": [0.6284918785095215, 0.5154756307601929, 0.5634522438049316]}