{"training_duration": 2.3732874393463135, "inference_latency": 0.0002732628024578369, "RMSE_loss": [0.4414573311805725, 0.39518868923187256, 0.3688116669654846], "R_squared": [0.6574803590774536, 0.3925600051879883, 0.5602630376815796]}