{"training_duration": 2.6973490715026855, "inference_latency": 0.000310575598330764, "RMSE_loss": [0.45568394660949707, 0.40617066621780396, 0.36355340480804443], "R_squared": [0.646442174911499, 0.37567973136901855, 0.5665324926376343]}