{"training_duration": 2.6438286304473877, "inference_latency": 0.0002283098990023651, "RMSE_loss": [0.7775375843048096, 0.8169101476669312, 0.6356937289237976], "R_squared": [0.3275994658470154, 0.40346240997314453, 0.13915318250656128]}