{"training_duration": 2.9106829166412354, "inference_latency": 0.0002513543105907803, "RMSE_loss": [0.41187208890914917, 0.4568616449832916, 0.43761780858039856], "R_squared": [0.6438204050064087, 0.666382908821106, 0.40738457441329956]}