{"training_duration": 5.281344890594482, "inference_latency": 0.0004560746883069501, "RMSE_loss": [0.43523046374320984, 0.4054514169692993, 0.415458083152771], "R_squared": [0.6685181856155396, 0.3953726291656494, 0.38104569911956787]}