{"training_duration": 2.782984495162964, "inference_latency": 0.0003204357507383954, "RMSE_loss": [0.47634705901145935, 0.3869989514350891, 0.40327733755111694], "R_squared": [0.6304100155830383, 0.40514838695526123, 0.5191693305969238]}