{"training_duration": 2.241560459136963, "inference_latency": 0.0002580956199351713, "RMSE_loss": [0.6358264088630676, 0.48103198409080505, 0.49206244945526123], "R_squared": [0.5066725611686707, 0.26061129570007324, 0.41331011056900024]}