{"training_duration": 3.050542116165161, "inference_latency": 0.0003512426155630583, "RMSE_loss": [0.728440523147583, 0.8248243927955627, 0.9196736812591553], "R_squared": [0.3526645302772522, 0.19359290599822998, 0.25740039348602295]}