{"training_duration": 5.724565029144287, "inference_latency": 0.0004943493116704911, "RMSE_loss": [0.49408912658691406, 0.4409432113170624, 0.4670770764350891], "R_squared": [0.6236900091171265, 0.3424456715583801, 0.30414313077926636]}