{"training_duration": 2.67616868019104, "inference_latency": 0.0002311026494120069, "RMSE_loss": [0.46293655037879944, 0.4842674732208252, 0.4585290849208832], "R_squared": [0.5996607542037964, 0.6463701725006104, 0.3790668249130249]}