{"training_duration": 3.0471508502960205, "inference_latency": 0.0002631391062431797, "RMSE_loss": [0.45425647497177124, 0.4649708569049835, 0.46477434039115906], "R_squared": [0.60716712474823, 0.6604613065719604, 0.3706095814704895]}