{"training_duration": 2.9774837493896484, "inference_latency": 0.000257122948997379, "RMSE_loss": [0.420805424451828, 0.462894082069397, 0.4351102411746979], "R_squared": [0.6360950469970703, 0.6619778275489807, 0.41078031063079834]}