{"training_duration": 2.4536986351013184, "inference_latency": 0.0002825214317905951, "RMSE_loss": [0.800404965877533, 0.6881239414215088, 0.6335789561271667], "R_squared": [0.3789787292480469, -0.05770730972290039, 0.24457889795303345]}