{"training_duration": 3.116224527359009, "inference_latency": 0.0003588053572088669, "RMSE_loss": [0.4566464424133301, 0.530965268611908, 0.5216538906097412], "R_squared": [0.5941969156265259, 0.48089051246643066, 0.5787854194641113]}