{"training_duration": 2.7648627758026123, "inference_latency": 0.0003183491969836053, "RMSE_loss": [0.836803674697876, 0.7136528491973877, 0.6691405177116394], "R_squared": [0.3507375121116638, -0.0969475507736206, 0.20217859745025635]}