{"training_duration": 4.267565488815308, "inference_latency": 0.00036852897140028564, "RMSE_loss": [0.6084175109863281, 0.7473131418228149, 0.7338567972183228], "R_squared": [0.3688299059867859, 0.5385118126869202, 0.47034919261932373]}