{"training_duration": 3.2848057746887207, "inference_latency": 0.00028366198399729884, "RMSE_loss": [0.520588755607605, 0.5306650400161743, 0.5274699330329895], "R_squared": [0.5498042106628418, 0.6124889850616455, 0.2857081890106201]}