{"training_duration": 4.244542121887207, "inference_latency": 0.0003665407704565809, "RMSE_loss": [0.4802374541759491, 0.4380649924278259, 0.4570794403553009], "R_squared": [0.6342397928237915, 0.346737802028656, 0.3190377354621887]}