{"training_duration": 3.2131783962249756, "inference_latency": 0.00036996872725676174, "RMSE_loss": [0.6886526346206665, 0.5921428799629211, 0.5871532559394836], "R_squared": [0.46568554639816284, 0.08982402086257935, 0.29993265867233276]}