{"training_duration": 4.2133708000183105, "inference_latency": 0.000363848946460994, "RMSE_loss": [0.4256075918674469, 0.3867722451686859, 0.4016778767108917], "R_squared": [0.6758471727371216, 0.42322784662246704, 0.40157562494277954]}