{"training_duration": 5.409996509552002, "inference_latency": 0.0004671844999613128, "RMSE_loss": [0.4366571605205536, 0.39534467458724976, 0.4208410084247589], "R_squared": [0.6674315929412842, 0.4104442596435547, 0.37302613258361816]}