{"training_duration": 3.1817400455474854, "inference_latency": 0.0003663488826191693, "RMSE_loss": [0.5241802334785461, 0.4703020453453064, 0.43072521686553955], "R_squared": [0.593297004699707, 0.27710413932800293, 0.4864429831504822]}