{"training_duration": 3.4562809467315674, "inference_latency": 0.0003979598096409404, "RMSE_loss": [0.4469206631183624, 0.527252197265625, 0.5071144700050354], "R_squared": [0.6028398275375366, 0.48452067375183105, 0.5905253887176514]}