{"training_duration": 3.730693817138672, "inference_latency": 0.00032216699629867635, "RMSE_loss": [0.5218905806541443, 0.5413395762443542, 0.5705758929252625], "R_squared": [0.4750601053237915, 0.5995627045631409, 0.624078631401062]}