{"training_duration": 4.547581434249878, "inference_latency": 0.0003927099684153608, "RMSE_loss": [0.5321896076202393, 0.5909530520439148, 0.6915882229804993], "R_squared": [0.4657638669013977, 0.4932072162628174, 0.5861151218414307]}