{"training_duration": 3.8513054847717285, "inference_latency": 0.0003325825116383185, "RMSE_loss": [0.44600245356559753, 0.4064500331878662, 0.43324047327041626], "R_squared": [0.6603139638900757, 0.3938834071159363, 0.3545532822608948]}