{"training_duration": 3.2598907947540283, "inference_latency": 0.0002815104313259092, "RMSE_loss": [0.40260255336761475, 0.45400452613830566, 0.42949357628822327], "R_squared": [0.6518365144729614, 0.6684693098068237, 0.4183862805366516]}