{"training_duration": 2.5622730255126953, "inference_latency": 0.00029502280086501963, "RMSE_loss": [1.0599383115768433, 1.007778286933899, 1.1091548204421997], "R_squared": [0.05807596445083618, 0.014724135398864746, 0.10440194606781006]}