{"training_duration": 3.022092342376709, "inference_latency": 0.00034796687879985137, "RMSE_loss": [0.4507155120372772, 0.3590388596057892, 0.3984382152557373], "R_squared": [0.6502971053123474, 0.44812554121017456, 0.5249390602111816]}