{"training_duration": 4.381028652191162, "inference_latency": 0.00037832717203723333, "RMSE_loss": [0.4714011251926422, 0.5480553507804871, 0.5974991321563721], "R_squared": [0.5267860889434814, 0.5299956798553467, 0.6424232721328735]}