{"training_duration": 3.5083272457122803, "inference_latency": 0.0004039524750388348, "RMSE_loss": [0.43386009335517883, 0.5151008367538452, 0.5875169038772583], "R_squared": [0.6144461631774902, 0.49640071392059326, 0.5256036520004272]}