{"training_duration": 2.3452508449554443, "inference_latency": 0.00027003463960339027, "RMSE_loss": [0.5297917127609253, 0.3860277831554413, 0.5105397701263428], "R_squared": [0.5889431238174438, 0.4066411256790161, 0.3912794589996338]}