{"training_duration": 3.2299840450286865, "inference_latency": 0.00027892781045152734, "RMSE_loss": [0.4426080882549286, 0.5452862977981567, 0.4535607695579529], "R_squared": [0.6172404885292053, 0.6018120050430298, 0.38579487800598145]}