{"training_duration": 2.7107608318328857, "inference_latency": 0.0002340898818508537, "RMSE_loss": [0.4246981739997864, 0.4694805145263672, 0.43902987241744995], "R_squared": [0.632728636264801, 0.6571681499481201, 0.40547239780426025]}