{"training_duration": 2.8350422382354736, "inference_latency": 0.0003264297338210102, "RMSE_loss": [0.5976020097732544, 0.4946936070919037, 0.4891742765903473], "R_squared": [0.5363302230834961, 0.2396121621131897, 0.41675370931625366]}