{"training_duration": 2.307457447052002, "inference_latency": 0.00026568306816948786, "RMSE_loss": [0.42338380217552185, 0.38391396403312683, 0.3543991446495056], "R_squared": [0.6715033054351807, 0.4098902940750122, 0.5774471759796143]}