{"training_duration": 3.4818174839019775, "inference_latency": 0.00040090011328750464, "RMSE_loss": [0.43047842383384705, 0.5203993320465088, 0.599841833114624], "R_squared": [0.6174513101577759, 0.49122053384780884, 0.5156517624855042]}