{"training_duration": 4.703270435333252, "inference_latency": 0.0004061546144501945, "RMSE_loss": [0.4095172882080078, 0.47760114073753357, 0.4500720500946045], "R_squared": [0.575168251991272, 0.7050670385360718, 0.6751668453216553]}