{"training_duration": 4.8691112995147705, "inference_latency": 0.00042047593260058466, "RMSE_loss": [0.4598604142665863, 0.37969154119491577, 0.42958587408065796], "R_squared": [0.6497594118118286, 0.43378686904907227, 0.3599979281425476]}