{"training_duration": 3.371027946472168, "inference_latency": 0.0002911077673982874, "RMSE_loss": [0.8331639766693115, 0.8582103848457336, 0.6676430106163025], "R_squared": [0.2794947624206543, 0.3733034133911133, 0.09588789939880371]}