{"training_duration": 3.113858222961426, "inference_latency": 0.0003585328984411544, "RMSE_loss": [0.7535557746887207, 0.6301451325416565, 0.6290483474731445], "R_squared": [0.4153282642364502, 0.031411170959472656, 0.24998080730438232]}