{"training_duration": 5.2049620151519775, "inference_latency": 0.0004494785850735732, "RMSE_loss": [0.4252887964248657, 0.5583226680755615, 0.5352295637130737], "R_squared": [0.5730757713317871, 0.5211905837059021, 0.6796888709068298]}