{"training_duration": 3.2766947746276855, "inference_latency": 0.0003772820696174652, "RMSE_loss": [0.4134443998336792, 0.4982060194015503, 0.5973634719848633], "R_squared": [0.6325887441635132, 0.5129182934761047, 0.5176529884338379]}