{"training_duration": 3.8333003520965576, "inference_latency": 0.000331027664257043, "RMSE_loss": [0.47982320189476013, 0.4103277325630188, 0.43429848551750183], "R_squared": [0.6345553398132324, 0.388100802898407, 0.35297703742980957]}