{"training_duration": 2.6364095211029053, "inference_latency": 0.0003035589546462758, "RMSE_loss": [0.4557890295982361, 0.5159491300582886, 0.5440018177032471], "R_squared": [0.5949588418006897, 0.4955713748931885, 0.5607403516769409]}