{"training_duration": 4.405042409896851, "inference_latency": 0.00038040089895482305, "RMSE_loss": [0.5465816259384155, 0.5985388159751892, 0.6972030401229858], "R_squared": [0.4513165354728699, 0.4867017865180969, 0.5827549695968628]}