{"training_duration": 4.957714557647705, "inference_latency": 0.0004281273365844305, "RMSE_loss": [0.5605470538139343, 0.4852193593978882, 0.5216251015663147], "R_squared": [0.5730741024017334, 0.2764190435409546, 0.22287684679031372]}