{"training_duration": 2.507483720779419, "inference_latency": 0.0002887143029106988, "RMSE_loss": [0.4749854505062103, 0.5602659583091736, 0.563244104385376], "R_squared": [0.5778997540473938, 0.4522441029548645, 0.5452029705047607]}