{"training_duration": 3.670991897583008, "inference_latency": 0.0004226818534925743, "RMSE_loss": [0.4087824821472168, 0.5004655718803406, 0.5525280237197876], "R_squared": [0.6367316246032715, 0.5107091665267944, 0.5538557767868042]}