{"training_duration": 4.01838231086731, "inference_latency": 0.000347010562251063, "RMSE_loss": [0.4002745449542999, 0.5065313577651978, 0.43420830368995667], "R_squared": [0.5981862545013428, 0.5656060576438904, 0.7401455640792847]}