{"training_duration": 4.195791482925415, "inference_latency": 0.00036233087071894774, "RMSE_loss": [0.5656698346138, 0.4850013852119446, 0.5031000375747681], "R_squared": [0.5691725015640259, 0.27674412727355957, 0.2504757046699524]}