{"training_duration": 4.688847303390503, "inference_latency": 0.00040490909355703826, "RMSE_loss": [0.4171502888202667, 0.40245720744132996, 0.4139951169490814], "R_squared": [0.6822884678840637, 0.3998377323150635, 0.3832252621650696]}