{"training_duration": 3.787471294403076, "inference_latency": 0.00032707005996572336, "RMSE_loss": [0.44686317443847656, 0.5378085374832153, 0.5048025250434875], "R_squared": [0.536425769329071, 0.6678871512413025, 0.6356658935546875]}