{"training_duration": 2.274329900741577, "inference_latency": 0.00026186872777680796, "RMSE_loss": [0.48638951778411865, 0.3883586525917053, 0.4014459550380707], "R_squared": [0.6226181983947754, 0.40305840969085693, 0.5213528871536255]}