{"training_duration": 3.2401981353759766, "inference_latency": 0.00037307980833344576, "RMSE_loss": [0.4179452955722809, 0.5007138848304749, 0.5771412253379822], "R_squared": [0.6285890340805054, 0.510466456413269, 0.5339815616607666]}