{"training_duration": 3.805678367614746, "inference_latency": 0.0004381897947742943, "RMSE_loss": [0.4047599732875824, 0.47692447900772095, 0.45686039328575134], "R_squared": [0.640306293964386, 0.5337246656417847, 0.631103515625]}