{"training_duration": 3.3234989643096924, "inference_latency": 0.0002870033647935831, "RMSE_loss": [0.5151885747909546, 0.5180009603500366, 0.5117992162704468], "R_squared": [0.5544741749763489, 0.6217367649078369, 0.30692923069000244]}