{"training_duration": 4.434670448303223, "inference_latency": 0.0003829594514942334, "RMSE_loss": [0.48976534605026245, 0.42153623700141907, 0.45630738139152527], "R_squared": [0.6269831657409668, 0.37138617038726807, 0.32018792629241943]}