{"training_duration": 2.9640579223632812, "inference_latency": 0.0003412847348719955, "RMSE_loss": [0.6197293996810913, 0.7136749029159546, 0.849191427230835], "R_squared": [0.44927167892456055, 0.3022605776786804, 0.3143119812011719]}