{"training_duration": 2.6562561988830566, "inference_latency": 0.00022938309144067846, "RMSE_loss": [0.45305871963500977, 0.48499366641044617, 0.4482893943786621], "R_squared": [0.6082029342651367, 0.6458399295806885, 0.3929332494735718]}