{"training_duration": 2.918257236480713, "inference_latency": 0.00033601119591027205, "RMSE_loss": [0.5154744386672974, 0.6339385509490967, 0.7769206166267395], "R_squared": [0.5419188737869263, 0.38021647930145264, 0.3726677894592285]}