{"training_duration": 4.837838649749756, "inference_latency": 0.0004177753583549012, "RMSE_loss": [0.4406161904335022, 0.507777750492096, 0.4390883147716522], "R_squared": [0.5576894283294678, 0.5645371675491333, 0.7372251749038696]}