{"training_duration": 2.433703660964966, "inference_latency": 0.0002802191895181308, "RMSE_loss": [0.4621991515159607, 0.3919875919818878, 0.36548087000846863], "R_squared": [0.6413871049880981, 0.3974803686141968, 0.5642343759536743]}