{"training_duration": 2.9244141578674316, "inference_latency": 0.0002525400827173948, "RMSE_loss": [0.45160892605781555, 0.4769218862056732, 0.45506665110588074], "R_squared": [0.6094567179679871, 0.6517342329025269, 0.383755624294281]}