{"training_duration": 3.045703411102295, "inference_latency": 0.00026301411149415326, "RMSE_loss": [0.4601075053215027, 0.4782412648200989, 0.45339062809944153], "R_squared": [0.6021072864532471, 0.6507707834243774, 0.38602524995803833]}