{"training_duration": 4.665134906768799, "inference_latency": 0.0004028613909126769, "RMSE_loss": [0.43204596638679504, 0.4844649136066437, 0.5177412033081055], "R_squared": [0.551797091960907, 0.7008284330368042, 0.6263275742530823]}