{"training_duration": 3.0300679206848145, "inference_latency": 0.0002616638964321947, "RMSE_loss": [0.4179709255695343, 0.4631640911102295, 0.43862614035606384], "R_squared": [0.6385462284088135, 0.6617806553840637, 0.40601909160614014]}