{"training_duration": 2.6518056392669678, "inference_latency": 0.00030533167982348504, "RMSE_loss": [0.8380916714668274, 0.704878032207489, 0.6855255961418152], "R_squared": [0.3497381806373596, -0.08345985412597656, 0.18264251947402954]}