{"training_duration": 4.321327447891235, "inference_latency": 0.000373171627624459, "RMSE_loss": [0.4402535855770111, 0.39586976170539856, 0.42541420459747314], "R_squared": [0.6646924614906311, 0.4096611738204956, 0.36621296405792236]}