{"training_duration": 3.846745491027832, "inference_latency": 0.0003321887297951496, "RMSE_loss": [0.4321228861808777, 0.404518723487854, 0.4132085144519806], "R_squared": [0.6708849668502808, 0.39676350355148315, 0.38439714908599854]}