{"training_duration": 3.9402756690979004, "inference_latency": 0.00034026560182192576, "RMSE_loss": [0.4682542085647583, 0.40444478392601013, 0.4355083703994751], "R_squared": [0.6433665156364441, 0.39687371253967285, 0.351174533367157]}