{"training_duration": 3.0120954513549805, "inference_latency": 0.0003468158262930317, "RMSE_loss": [0.5092943906784058, 0.4528931677341461, 0.3995833098888397], "R_squared": [0.604846715927124, 0.30386316776275635, 0.5235737562179565]}