{"training_duration": 2.865971088409424, "inference_latency": 0.0003299909140367788, "RMSE_loss": [0.5020694136619568, 0.4745543599128723, 0.3915629982948303], "R_squared": [0.61045241355896, 0.27056795358657837, 0.5331363677978516]}