{"training_duration": 4.867568016052246, "inference_latency": 0.00042034266114440814, "RMSE_loss": [0.45625266432762146, 0.45104172825813293, 0.5110188126564026], "R_squared": [0.5266851186752319, 0.7214682698249817, 0.6311793327331543]}