{"training_duration": 3.8248350620269775, "inference_latency": 0.0003302966374807407, "RMSE_loss": [0.4230874478816986, 0.48663851618766785, 0.47031471133232117], "R_squared": [0.5610905885696411, 0.6994861364364624, 0.660556972026825]}