{"training_duration": 4.227477788925171, "inference_latency": 0.00036506716657384896, "RMSE_loss": [0.46380019187927246, 0.41370922327041626, 0.43770015239715576], "R_squared": [0.6467587947845459, 0.38305819034576416, 0.34790921211242676]}