{"training_duration": 4.483312129974365, "inference_latency": 0.00038715994213940977, "RMSE_loss": [0.6478689312934875, 0.8707809448242188, 0.7469550967216492], "R_squared": [0.327903151512146, 0.462266743183136, 0.4608956575393677]}