{"training_duration": 5.856436014175415, "inference_latency": 0.0005057371342120393, "RMSE_loss": [0.7373716235160828, 0.9190924763679504, 0.854173481464386], "R_squared": [0.25979286432266235, 0.21179962158203125, 0.4888150691986084]}