{"training_duration": 3.289529800415039, "inference_latency": 0.0003787599079349498, "RMSE_loss": [0.41269558668136597, 0.49044299125671387, 0.5200054049491882], "R_squared": [0.6332542300224304, 0.5205079913139343, 0.5801165103912354]}