{"training_duration": 3.0948519706726074, "inference_latency": 0.0003563444986381816, "RMSE_loss": [0.42054283618927, 0.5242531895637512, 0.6014329195022583], "R_squared": [0.626280665397644, 0.48745274543762207, 0.5143670439720154]}