{"training_duration": 3.6779000759124756, "inference_latency": 0.00031760795128777855, "RMSE_loss": [0.4283684492111206, 0.5139811635017395, 0.581322431564331], "R_squared": [0.5699843168258667, 0.5592172145843506, 0.6521043181419373]}