{"training_duration": 4.456888675689697, "inference_latency": 0.00038487812398011205, "RMSE_loss": [0.406501829624176, 0.5123772621154785, 0.4596133828163147], "R_squared": [0.5919349789619446, 0.5605926513671875, 0.7249417901039124]}