{"training_duration": 4.877736568450928, "inference_latency": 0.00042122077447762763, "RMSE_loss": [0.49116647243499756, 0.6474981904029846, 0.5968464612960815], "R_squared": [0.5069447755813599, 0.4447149634361267, 0.6428139209747314]}