{"training_duration": 4.198968410491943, "inference_latency": 0.0003626052167955046, "RMSE_loss": [0.4073469340801239, 0.5279443264007568, 0.4947185814380646], "R_squared": [0.5910866260528564, 0.5472426414489746, 0.7039328813552856]}