{"training_duration": 4.735364675521851, "inference_latency": 0.00040892613778254324, "RMSE_loss": [0.4536917507648468, 0.3927540183067322, 0.43507683277130127], "R_squared": [0.6544576287269592, 0.41430753469467163, 0.3518174886703491]}