{"training_duration": 2.980381488800049, "inference_latency": 0.00025737318556131683, "RMSE_loss": [0.42621156573295593, 0.4655844569206238, 0.43852511048316956], "R_squared": [0.6314198970794678, 0.6600131988525391, 0.40615594387054443]}