{"training_duration": 4.78025484085083, "inference_latency": 0.0004128026632859093, "RMSE_loss": [0.45706695318222046, 0.4021614193916321, 0.41358649730682373], "R_squared": [0.6518869996070862, 0.40027880668640137, 0.38383400440216064]}