{"training_duration": 4.987144470214844, "inference_latency": 0.00043066877981129913, "RMSE_loss": [0.4530511200428009, 0.5398658514022827, 0.5746148228645325], "R_squared": [0.5452066659927368, 0.537018895149231, 0.6561185121536255]}