{"training_duration": 3.4623820781707764, "inference_latency": 0.000398662300307516, "RMSE_loss": [0.40175995230674744, 0.48305293917655945, 0.4368772804737091], "R_squared": [0.6429722905158997, 0.5277330279350281, 0.647239089012146]}