{"training_duration": 2.2689924240112305, "inference_latency": 0.00026125416511355563, "RMSE_loss": [0.48742830753326416, 0.43811243772506714, 0.4079476594924927], "R_squared": [0.6218122243881226, 0.3265824317932129, 0.5136008262634277]}