{"training_duration": 4.20843768119812, "inference_latency": 0.00036342294310864594, "RMSE_loss": [0.4992801249027252, 0.5143089890480042, 0.5726988315582275], "R_squared": [0.4820486307144165, 0.682398796081543, 0.5866626501083374]}