{"training_duration": 2.945497751235962, "inference_latency": 0.0003391476973213543, "RMSE_loss": [0.4633667469024658, 0.39416688680648804, 0.3944776654243469], "R_squared": [0.6404812335968018, 0.3941306471824646, 0.529661238193512]}