{"training_duration": 4.451564788818359, "inference_latency": 0.0003844183755456269, "RMSE_loss": [0.4715591073036194, 0.490858256816864, 0.4914620518684387], "R_squared": [0.5256856679916382, 0.6369044780731201, 0.6762024164199829]}