{"training_duration": 4.933576822280884, "inference_latency": 0.00042604290347848735, "RMSE_loss": [0.45355936884880066, 0.46193593740463257, 0.45619872212409973], "R_squared": [0.6077699661254883, 0.662677526473999, 0.38222259283065796]}